run_id,relative_radius_half_width,threshold_nm,sampled_frames,particle_count,mean_guaranteed_edge_count,mean_possible_edge_count,mean_radius_dependent_edge_count,maximum_radius_dependent_edge_count,mean_radius_dependent_fraction,maximum_largest_component_fraction_width,mean_largest_component_fraction_width,maximum_component_count_width,mean_component_count_width
article_s1_p1_finite_high_attraction_V_0p05_seed_9210001,0.0,2.0,6,3713,11477.666666666666,11477.666666666666,0.0,0,0.0,0.0,0.0,0.0,0.0
article_s1_p1_finite_high_attraction_V_0p05_seed_9210001,0.025,2.0,6,3713,11298.5,11661.833333333334,363.3333333333333,576,0.02977093055166451,0.001615943980608714,0.0004488733279468642,36.0,8.833333333333334
article_s1_p1_finite_high_attraction_V_0p05_seed_9210001,0.05,2.0,6,3713,11118.833333333334,11864.5,745.6666666666666,1176,0.06045555690714377,0.003231887961217428,0.0009426339886884119,73.0,17.666666666666668
article_s1_p1_finite_high_attraction_V_0p05_seed_9210001,0.1,0.0,6,3713,4571.333333333333,9793.833333333334,5222.5,8330,0.5038619346771614,0.07056288715324532,0.043495825478050094,512.0,245.16666666666666
article_s1_p1_finite_high_attraction_V_0p05_seed_9210001,0.1,2.0,6,3713,10753.5,12263.0,1509.5,2422,0.11803682176481727,0.00430918394828983,0.001885267977376782,152.0,35.833333333333336
article_s1_p1_finite_high_attraction_V_0p05_seed_9210001,0.1,4.0,6,3713,13129.166666666666,15475.5,2346.3333333333335,3819,0.14338962938938363,0.011311607864260706,0.0027381273004757783,205.0,42.666666666666664
article_s1_p1_finite_high_attraction_V_0p05_seed_9210001,0.1,6.0,6,3713,16755.833333333332,20939.5,4183.666666666667,7012,0.18716193794747804,0.21815243738217074,0.03757069754915164,263.0,56.333333333333336
article_s1_p1_finite_high_attraction_V_0p05_seed_9210003,0.0,2.0,6,3713,11251.833333333334,11251.833333333334,0.0,0,0.0,0.0,0.0,0.0,0.0
article_s1_p1_finite_high_attraction_V_0p05_seed_9210003,0.025,2.0,6,3713,11073.666666666666,11437.5,363.8333333333333,586,0.030507389514308553,0.00242391597091296,0.0007630846575096481,33.0,8.833333333333334
article_s1_p1_finite_high_attraction_V_0p05_seed_9210003,0.05,2.0,6,3713,10889.833333333334,11622.833333333334,733.0,1216,0.0607904071792604,0.003770535954753629,0.0012119579854565378,63.0,16.666666666666668
article_s1_p1_finite_high_attraction_V_0p05_seed_9210003,0.1,0.0,6,3713,4493.333333333333,9629.666666666666,5136.333333333333,8353,0.5067696733412199,0.07379477511446264,0.04973516473651134,572.0,268.1666666666667
article_s1_p1_finite_high_attraction_V_0p05_seed_9210003,0.1,2.0,6,3713,10548.833333333334,12010.833333333334,1462.0,2423,0.1174105926859919,0.00942633988688392,0.0031421132956279707,135.0,31.666666666666668
article_s1_p1_finite_high_attraction_V_0p05_seed_9210003,0.1,4.0,6,3713,12866.333333333334,15106.666666666666,2240.3333333333335,3783,0.14016922305208068,0.01723673579315918,0.004084747284316362,190.0,41.333333333333336
article_s1_p1_finite_high_attraction_V_0p05_seed_9210003,0.1,6.0,6,3713,16351.833333333334,20361.333333333332,4009.5,7026,0.18375628818064146,0.06409911123081066,0.011895143190591609,266.0,55.833333333333336
article_s1_p1_finite_high_attraction_V_0p2_seed_9210001,0.0,2.0,6,14853,37166.333333333336,37166.333333333336,0.0,0,0.0,0.0,0.0,0.0,0.0
article_s1_p1_finite_high_attraction_V_0p2_seed_9210001,0.025,2.0,6,14853,36587.833333333336,37750.5,1162.6666666666667,1940,0.030080267019225698,0.0010772234565408212,0.0006059381943041911,153.0,40.833333333333336
article_s1_p1_finite_high_attraction_V_0p2_seed_9210001,0.05,2.0,6,14853,36003.5,38356.666666666664,2353.1666666666665,3853,0.060036931235774325,0.0021544469130815314,0.0013577503983482446,314.0,84.16666666666667
article_s1_p1_finite_high_attraction_V_0p2_seed_9210001,0.1,0.0,6,14853,15555.333333333334,31865.166666666668,16309.833333333334,26954,0.4950559572907611,0.07883929172557735,0.05414169976884581,2251.0,1283.8333333333333
article_s1_p1_finite_high_attraction_V_0p2_seed_9210001,0.1,2.0,6,14853,34845.666666666664,39626.166666666664,4780.5,7871,0.11779060768255634,0.007742543593886708,0.0037029556318588833,604.0,161.5
article_s1_p1_finite_high_attraction_V_0p2_seed_9210001,0.1,4.0,6,14853,42226.166666666664,49245.333333333336,7019.166666666667,12285,0.13834139772880502,0.012724702080387784,0.003961040418321757,762.0,187.66666666666666
article_s1_p1_finite_high_attraction_V_0p2_seed_9210001,0.1,6.0,6,14853,52920.333333333336,64893.166666666664,11972.833333333334,21871,0.17570353912827819,0.06597993671312193,0.01668574249870957,992.0,230.5
article_s1_p1_finite_high_attraction_V_0p2_seed_9210003,0.0,2.0,6,14853,37057.0,37057.0,0.0,0,0.0,0.0,0.0,0.0,0.0
article_s1_p1_finite_high_attraction_V_0p2_seed_9210003,0.025,2.0,6,14853,36473.0,37662.333333333336,1189.3333333333333,2021,0.03073361758224068,0.026728607015417738,0.004914832020467262,143.0,39.166666666666664
article_s1_p1_finite_high_attraction_V_0p2_seed_9210003,0.05,2.0,6,14853,35901.333333333336,38284.333333333336,2383.0,4022,0.060548723783780505,0.02807513633609371,0.00797818622500505,288.0,77.5
article_s1_p1_finite_high_attraction_V_0p2_seed_9210003,0.1,0.0,6,14853,15490.5,31788.333333333332,16297.833333333334,27324,0.49584846429452534,0.08308085908570662,0.052222895486882547,2278.0,1325.0
article_s1_p1_finite_high_attraction_V_0p2_seed_9210003,0.1,2.0,6,14853,34732.833333333336,39561.666666666664,4828.833333333333,8201,0.118529670652202,0.029825624452972488,0.009212504768958003,576.0,154.5
article_s1_p1_finite_high_attraction_V_0p2_seed_9210003,0.1,4.0,6,14853,42198.833333333336,49205.5,7006.666666666667,12339,0.1374605047511722,0.01514845485760452,0.006485782894589186,779.0,188.5
article_s1_p1_finite_high_attraction_V_0p2_seed_9210003,0.1,6.0,6,14853,52856.5,64827.833333333336,11971.333333333334,22104,0.1754925657674391,0.04632060863125298,0.013476514284431881,962.0,228.33333333333334
article_s1_p1_finite_low_attraction_V_0p05_seed_9210002,0.0,2.0,6,3713,10605.5,10605.5,0.0,0,0.0,0.0,0.0,0.0,0.0
article_s1_p1_finite_low_attraction_V_0p05_seed_9210002,0.025,2.0,6,3713,10405.666666666666,10819.0,413.3333333333333,707,0.0373084353737112,0.0018852679773767589,0.0006284226591256279,56.0,12.666666666666666
article_s1_p1_finite_low_attraction_V_0p05_seed_9210002,0.05,2.0,6,3713,10213.833333333334,11023.666666666666,809.8333333333334,1366,0.07106160869153025,0.003231887961217317,0.0013466199838405787,96.0,22.333333333333332
article_s1_p1_finite_low_attraction_V_0p05_seed_9210002,0.1,0.0,6,3713,4138.0,8895.166666666666,4757.166666666667,8400,0.4986597348674926,0.0913008349043899,0.04906185474459107,481.0,255.16666666666666
article_s1_p1_finite_low_attraction_V_0p05_seed_9210002,0.1,2.0,6,3713,9810.166666666666,11460.666666666666,1650.5,2828,0.1392201651996407,0.006194451925666589,0.0032318879612173563,188.0,46.0
article_s1_p1_finite_low_attraction_V_0p05_seed_9210002,0.1,4.0,6,3713,12321.666666666666,14726.333333333334,2404.6666666666665,4268,0.15372407852102257,0.008349043899811392,0.003142113295627943,232.0,54.5
article_s1_p1_finite_low_attraction_V_0p05_seed_9210002,0.1,6.0,6,3713,15999.166666666666,20100.333333333332,4101.166666666667,7831,0.18708457266945125,0.012658227848101333,0.006418888589639983,260.0,59.333333333333336
article_s1_p1_finite_low_attraction_V_0p2_seed_9210002,0.0,2.0,6,14853,33014.666666666664,33014.666666666664,0.0,0,0.0,0.0,0.0,0.0,0.0
article_s1_p1_finite_low_attraction_V_0p2_seed_9210002,0.025,2.0,6,14853,32386.5,33622.5,1236.0,2001,0.03633811098550771,0.0015485087187774305,0.0008752440584393779,212.0,60.5
article_s1_p1_finite_low_attraction_V_0p2_seed_9210002,0.05,2.0,6,14853,31792.666666666668,34255.166666666664,2462.5,4150,0.070371511207438,0.1397024170201306,0.024630265490697714,382.0,112.0
article_s1_p1_finite_low_attraction_V_0p2_seed_9210002,0.1,0.0,6,14853,13803.166666666666,27664.666666666668,13861.5,24028,0.47895800426589413,0.0890729145627146,0.053019592001615844,1939.0,1245.5
article_s1_p1_finite_low_attraction_V_0p2_seed_9210002,0.1,2.0,6,14853,30544.166666666668,35535.833333333336,4991.666666666667,8449,0.13716350245783016,0.14293408738975288,0.02741309275342803,736.0,225.5
article_s1_p1_finite_low_attraction_V_0p2_seed_9210002,0.1,4.0,6,14853,38027.166666666664,44798.833333333336,6771.666666666667,11917,0.1468929265358476,0.015956372450010137,0.007966965147332762,896.0,252.33333333333334
article_s1_p1_finite_low_attraction_V_0p2_seed_9210002,0.1,6.0,6,14853,48190.333333333336,59120.333333333336,10930.0,20629,0.1749376309353481,0.012118763886083614,0.005722749612872824,1014.0,274.6666666666667
article_s1_p1_main_I_0p075_H_reference_seed_9210001,0.0,2.0,6,7427,20841.833333333332,20841.833333333332,0.0,0,0.0,0.0,0.0,0.0,0.0
article_s1_p1_main_I_0p075_H_reference_seed_9210001,0.025,2.0,6,7427,20513.833333333332,21182.166666666668,668.3333333333334,1215,0.03126532606135432,0.0009425070688029447,0.00033660966742963167,84.0,19.833333333333332
article_s1_p1_main_I_0p075_H_reference_seed_9210001,0.05,2.0,6,7427,20178.0,21540.5,1362.5,2546,0.06176359757664582,0.0018850141376061114,0.0009425070688030279,161.0,39.333333333333336
article_s1_p1_main_I_0p075_H_reference_seed_9210001,0.1,0.0,6,7427,8433.666666666666,17831.5,9397.833333333334,17617,0.5009382134833859,0.07607378483910054,0.05156860105022215,1086.0,571.8333333333334
article_s1_p1_main_I_0p075_H_reference_seed_9210001,0.1,2.0,6,7427,19511.666666666668,22273.833333333332,2762.1666666666665,5204,0.12077369992828162,0.004039316009155747,0.0018625734931107182,317.0,77.83333333333333
article_s1_p1_main_I_0p075_H_reference_seed_9210001,0.1,4.0,6,7427,23828.333333333332,27971.5,4143.166666666667,8242,0.1415648902780133,0.003635384408240197,0.0019747767155872975,408.0,93.16666666666667
article_s1_p1_main_I_0p075_H_reference_seed_9210001,0.1,6.0,6,7427,30203.333333333332,37488.333333333336,7285.0,15054,0.1814147124068121,0.3388986131681702,0.05953502984605718,508.0,116.16666666666667
article_s1_p1_main_I_0p075_H_reference_seed_9210003,0.0,2.0,6,7427,20579.333333333332,20579.333333333332,0.0,0,0.0,0.0,0.0,0.0,0.0
article_s1_p1_main_I_0p075_H_reference_seed_9210003,0.025,2.0,6,7427,20248.166666666668,20924.5,676.3333333333334,1326,0.031181026079580888,0.011040797091692478,0.002446030249988785,77.0,17.333333333333332
article_s1_p1_main_I_0p075_H_reference_seed_9210003,0.05,2.0,6,7427,19921.666666666668,21267.666666666668,1346.0,2642,0.06148042663116494,0.011714016426551788,0.002805080561913745,165.0,36.833333333333336
article_s1_p1_main_I_0p075_H_reference_seed_9210003,0.1,0.0,6,7427,8375.0,17629.166666666668,9254.166666666666,17868,0.49861882135338415,0.19725326511377406,0.07010457340334812,1039.0,584.3333333333334
article_s1_p1_main_I_0p075_H_reference_seed_9210003,0.1,2.0,6,7427,19277.333333333332,21974.5,2697.1666666666665,5202,0.11955375739069919,0.013868318298101534,0.00385979085319332,315.0,76.83333333333333
article_s1_p1_main_I_0p075_H_reference_seed_9210003,0.1,4.0,6,7427,23478.5,27530.0,4051.5,8324,0.1403878483707689,0.055607917059377954,0.012162829316458,387.0,88.83333333333333
article_s1_p1_main_I_0p075_H_reference_seed_9210003,0.1,6.0,6,7427,29727.166666666668,36842.166666666664,7115.0,15491,0.17928973527567105,0.03137202100444325,0.010569543557290955,481.0,105.83333333333333
article_s1_p1_main_I_0p075_H_weak_seed_9210003,0.0,2.0,6,7427,18160.833333333332,18160.833333333332,0.0,0,0.0,0.0,0.0,0.0,0.0
article_s1_p1_main_I_0p075_H_weak_seed_9210003,0.025,2.0,6,7427,17832.0,18504.5,672.5,1407,0.03471442378591589,0.0016157264036623653,0.0008303038463264636,81.0,25.0
article_s1_p1_main_I_0p075_H_weak_seed_9210003,0.05,2.0,6,7427,17496.166666666668,18849.833333333332,1353.6666666666667,2787,0.06841163577949554,0.0029621650733808735,0.001346438669718595,153.0,47.666666666666664
article_s1_p1_main_I_0p075_H_weak_seed_9210003,0.1,0.0,6,7427,7360.666666666667,15162.5,7801.833333333333,16622,0.4796984350316234,0.08469099232529964,0.0557201202818545,909.0,631.0
article_s1_p1_main_I_0p075_H_weak_seed_9210003,0.1,2.0,6,7427,16835.833333333332,19591.333333333332,2755.5,5677,0.13578462809067138,0.006866837215564914,0.0033660966742965147,358.0,107.0
article_s1_p1_main_I_0p075_H_weak_seed_9210003,0.1,4.0,6,7427,21097.333333333332,25034.166666666668,3936.8333333333335,8517,0.15065739188845212,0.051703244917194024,0.012858489295812597,451.0,123.16666666666667
article_s1_p1_main_I_0p075_H_weak_seed_9210003,0.1,6.0,6,7427,27064.333333333332,33452.333333333336,6388.0,15066,0.17594621606478636,0.03958529688972667,0.010659306135272236,531.0,134.83333333333334
article_s1_p1_main_I_0p15_H_reference_seed_9210001,0.0,2.0,6,7427,21100.5,21100.5,0.0,0,0.0,0.0,0.0,0.0,0.0
article_s1_p1_main_I_0p15_H_reference_seed_9210001,0.025,2.0,6,7427,20751.166666666668,21459.333333333332,708.1666666666666,1287,0.031786596370233094,0.0014810825366904368,0.0005610161123827418,77.0,18.333333333333332
article_s1_p1_main_I_0p15_H_reference_seed_9210001,0.05,2.0,6,7427,20408.166666666668,21812.166666666668,1404.0,2542,0.062262645105675314,0.0018850141376061114,0.0009873883577936546,150.0,36.166666666666664
article_s1_p1_main_I_0p15_H_reference_seed_9210001,0.1,0.0,6,7427,8442.666666666666,18021.166666666668,9578.5,17593,0.5081340506613738,0.351555136663525,0.09582155199497329,1132.0,562.8333333333334
article_s1_p1_main_I_0p15_H_reference_seed_9210001,0.1,2.0,6,7427,19722.666666666668,22554.0,2831.3333333333335,5077,0.12181791197720222,0.003904672142183818,0.0021318612270544574,304.0,74.16666666666667
article_s1_p1_main_I_0p15_H_reference_seed_9210001,0.1,4.0,6,7427,24077.166666666668,28308.833333333332,4231.666666666667,8233,0.1436155643722624,0.004712535344015056,0.0016606076926529226,421.0,92.5
article_s1_p1_main_I_0p15_H_reference_seed_9210001,0.1,6.0,6,7427,30653.833333333332,38157.5,7503.666666666667,15341,0.1840513471288693,0.08011310084825629,0.01687536466047303,502.0,110.5
article_s1_p1_main_I_0p15_H_reference_seed_9210003,0.0,2.0,6,7427,20821.666666666668,20821.666666666668,0.0,0,0.0,0.0,0.0,0.0,0.0
article_s1_p1_main_I_0p15_H_reference_seed_9210003,0.025,2.0,6,7427,20485.0,21169.5,684.5,1255,0.03126568634264406,0.0013464386697186193,0.00040393160091558206,81.0,19.5
article_s1_p1_main_I_0p15_H_reference_seed_9210003,0.05,2.0,6,7427,20165.833333333332,21521.833333333332,1356.0,2563,0.060449317161861214,0.0026928773394372385,0.0010322696467842628,141.0,36.0
article_s1_p1_main_I_0p15_H_reference_seed_9210003,0.1,0.0,6,7427,8355.166666666666,17814.333333333332,9459.166666666666,17989,0.5056817290996044,0.07728557964184724,0.046811184417216434,1079.0,576.3333333333334
article_s1_p1_main_I_0p15_H_reference_seed_9210003,0.1,2.0,6,7427,19481.333333333332,22234.5,2753.1666666666665,5135,0.11982147906633588,0.006193617880705493,0.0024684708944841087,311.0,81.83333333333333
article_s1_p1_main_I_0p15_H_reference_seed_9210003,0.1,4.0,6,7427,23725.333333333332,27930.833333333332,4205.5,8603,0.14386537404221422,0.060724384004308685,0.019545801355414952,422.0,94.83333333333333
article_s1_p1_main_I_0p15_H_reference_seed_9210003,0.1,6.0,6,7427,30208.333333333332,37590.833333333336,7382.5,15792,0.18250120830733804,0.05722364346304021,0.018221803330191633,476.0,110.16666666666667
article_s1_p1_main_I_0p15_H_weak_seed_9210003,0.0,2.0,6,7427,18332.833333333332,18332.833333333332,0.0,0,0.0,0.0,0.0,0.0,0.0
article_s1_p1_main_I_0p15_H_weak_seed_9210003,0.025,2.0,6,7427,17999.833333333332,18693.333333333332,693.5,1360,0.035883193225115684,0.004308603743099493,0.0014137606032045117,90.0,27.833333333333332
article_s1_p1_main_I_0p15_H_weak_seed_9210003,0.05,2.0,6,7427,17665.833333333332,19062.0,1396.1666666666667,2751,0.07071845046049452,0.0055203985458462945,0.0030968089403527895,172.0,53.333333333333336
article_s1_p1_main_I_0p15_H_weak_seed_9210003,0.1,0.0,6,7427,7345.166666666667,15367.833333333334,8022.666666666667,17039,0.4875985990900063,0.08576814326107451,0.05549571383690141,962.0,631.0
article_s1_p1_main_I_0p15_H_weak_seed_9210003,0.1,2.0,6,7427,17001.0,19817.666666666668,2816.6666666666665,5638,0.13770868920723703,0.03460347381176787,0.009604595843992628,363.0,108.83333333333333
article_s1_p1_main_I_0p15_H_weak_seed_9210003,0.1,4.0,6,7427,21309.666666666668,25286.333333333332,3976.6666666666665,8785,0.14915657814859054,0.028005924330146773,0.010098290022889471,436.0,117.33333333333333
article_s1_p1_main_I_0p15_H_weak_seed_9210003,0.1,6.0,6,7427,27339.833333333332,33988.833333333336,6649.0,15879,0.18002952800447802,0.01952336071091962,0.006754633993088284,542.0,135.66666666666666
article_s1_p1_main_I_0p3_H_reference_seed_9210001,0.0,2.0,6,7427,21526.5,21526.5,0.0,0,0.0,0.0,0.0,0.0,0.0
article_s1_p1_main_I_0p3_H_reference_seed_9210001,0.025,2.0,6,7427,21174.166666666668,21877.0,702.8333333333334,1291,0.031476568809087294,0.0008078632018311271,0.00038149095642027453,88.0,21.666666666666668
article_s1_p1_main_I_0p3_H_reference_seed_9210001,0.05,2.0,6,7427,20822.5,22247.333333333332,1424.8333333333333,2594,0.06243061250351508,0.0017503702706341828,0.000785422557335845,163.0,40.666666666666664
article_s1_p1_main_I_0p3_H_reference_seed_9210001,0.1,0.0,6,7427,8510.5,18463.333333333332,9952.833333333334,18350,0.5146147426109914,0.07082267402719805,0.04660921861675868,1177.0,552.0
article_s1_p1_main_I_0p3_H_reference_seed_9210001,0.1,2.0,6,7427,20135.166666666668,23018.666666666668,2883.5,5153,0.12217099715909845,0.00834791975225524,0.002356267672007528,336.0,82.0
article_s1_p1_main_I_0p3_H_reference_seed_9210001,0.1,4.0,6,7427,24565.0,28941.333333333332,4376.333333333333,8687,0.1428036465631036,0.0385081459539518,0.007540056550424129,386.0,93.33333333333333
article_s1_p1_main_I_0p3_H_reference_seed_9210001,0.1,6.0,6,7427,31391.0,39241.0,7850.0,16191,0.18634843479449428,0.05116466944930659,0.010749068713253443,481.0,112.33333333333333
article_s1_p1_main_I_0p3_H_reference_seed_9210003,0.0,2.0,6,7427,21117.0,21117.0,0.0,0,0.0,0.0,0.0,0.0,0.0
article_s1_p1_main_I_0p3_H_reference_seed_9210003,0.025,2.0,6,7427,20787.5,21455.833333333332,668.3333333333334,1242,0.030413248188442116,0.0049818230779587955,0.0011444728692608177,70.0,18.5
article_s1_p1_main_I_0p3_H_reference_seed_9210003,0.05,2.0,6,7427,20438.333333333332,21795.333333333332,1357.0,2591,0.06047444433110855,0.005251110811902514,0.001458641892195128,147.0,36.666666666666664
article_s1_p1_main_I_0p3_H_reference_seed_9210003,0.1,0.0,6,7427,8415.0,18129.833333333332,9714.833333333334,18222,0.5123812915619813,0.0639558368116333,0.042525021318612265,1140.0,570.8333333333334
article_s1_p1_main_I_0p3_H_reference_seed_9210003,0.1,2.0,6,7427,19750.166666666668,22533.0,2782.8333333333335,5285,0.1195956597661223,0.005385754678874373,0.002513352183474668,294.0,75.5
article_s1_p1_main_I_0p3_H_reference_seed_9210003,0.1,4.0,6,7427,24028.0,28268.5,4240.5,8849,0.14194567263512756,0.048471792109869405,0.01593285759167005,378.0,87.5
article_s1_p1_main_I_0p3_H_reference_seed_9210003,0.1,6.0,6,7427,30611.0,38222.166666666664,7611.166666666667,16093,0.18522119691862515,0.04739464117409453,0.01027781517885192,497.0,111.0
article_s1_p1_main_I_0p3_H_weak_seed_9210003,0.0,2.0,6,7427,18656.833333333332,18656.833333333332,0.0,0,0.0,0.0,0.0,0.0,0.0
article_s1_p1_main_I_0p3_H_weak_seed_9210003,0.025,2.0,6,7427,18312.166666666668,19015.833333333332,703.6666666666666,1413,0.03590679783271483,0.010232933889861295,0.002244064449530986,94.0,25.0
article_s1_p1_main_I_0p3_H_weak_seed_9210003,0.05,2.0,6,7427,17970.333333333332,19394.666666666668,1424.3333333333333,2779,0.0712159344017963,0.011175440958664296,0.0028948431398949626,168.0,47.166666666666664
article_s1_p1_main_I_0p3_H_weak_seed_9210003,0.1,0.0,6,7427,7466.666666666667,15656.5,8189.833333333333,17517,0.4880098470289009,0.1520129258112293,0.0649881064584175,959.0,583.8333333333334
article_s1_p1_main_I_0p3_H_weak_seed_9210003,0.1,2.0,6,7427,17263.5,20148.0,2884.5,5758,0.13848507620839068,0.012387235761411042,0.0041066379426416945,355.0,98.66666666666667
article_s1_p1_main_I_0p3_H_weak_seed_9210003,0.1,4.0,6,7427,21634.0,25679.333333333332,4045.3333333333335,8825,0.14951700975272286,0.1981957721825771,0.040909294914949955,462.0,123.16666666666667
article_s1_p1_main_I_0p3_H_weak_seed_9210003,0.1,6.0,6,7427,27792.833333333332,34645.0,6852.166666666667,16523,0.1809188292861129,0.0589740137336745,0.023809523809523832,508.0,134.5
