"run_id","relative_path","bytes","sha256","run_completed","all_expected_frames_saved","frame_count","expected_frame_count","particle_count","synapsin_count","vesicle_count","delta_t_ms","final_time_ms"
"article_s1_p1_finite_high_attraction_V_0p05_seed_9210001","builds/article_s1_p1_finite_high_attraction_V_0p05_seed_9210001----2026-09-21_11-24-34/simulation_Rawdata___article_s1_p1_finite_high_attraction_V_0p05_seed_9210001----2026-09-21_11-24-34.h5","171245803","4417b3a6e109fb6da41d0a5f339e15dad1b77e252ee9ef51d632d474a547a680","1","1","200","200","3713","3613","100","0.000699999975040555","27.9999990016222"
"article_s1_p1_finite_high_attraction_V_0p05_seed_9210003","builds/article_s1_p1_finite_high_attraction_V_0p05_seed_9210003----2026-09-21_21-03-34/simulation_Rawdata___article_s1_p1_finite_high_attraction_V_0p05_seed_9210003----2026-09-21_21-03-34.h5","171289898","7fd23f996ac30aa2f45051e58915c7a516d6f41c4fd6965faf7f4178c2e7f631","1","1","200","200","3713","3613","100","0.000699999975040555","27.9999990016222"
"article_s1_p1_finite_high_attraction_V_0p2_seed_9210001","builds/article_s1_p1_finite_high_attraction_V_0p2_seed_9210001----2026-09-09_12-25-21/simulation_Rawdata___article_s1_p1_finite_high_attraction_V_0p2_seed_9210001----2026-09-09_12-25-21.h5","582039853","cfde6559c81df45946fd6af94fc9b1d0a0488cfa5017aa458df3ad5c0402c1f9","1","1","200","200","14853","14453","400","0.000699999975040555","27.9999990016222"
"article_s1_p1_finite_high_attraction_V_0p2_seed_9210003","builds/article_s1_p1_finite_high_attraction_V_0p2_seed_9210003----2026-09-11_00-03-01/simulation_Rawdata___article_s1_p1_finite_high_attraction_V_0p2_seed_9210003----2026-09-11_00-03-01.h5","581686947","f367c6d25193d11baf826a513c48b5fa409558966a145f7a045e70eb70cdd8f9","1","1","200","200","14853","14453","400","0.000699999975040555","27.9999990016222"
"article_s1_p1_finite_low_attraction_V_0p05_seed_9210002","builds/article_s1_p1_finite_low_attraction_V_0p05_seed_9210002----2026-09-22_06-15-08/simulation_Rawdata___article_s1_p1_finite_low_attraction_V_0p05_seed_9210002----2026-09-22_06-15-08.h5","170492148","3ea199133e01e3fd5c845271f429550d6322803af0a2aa43766bb3524b8ca8d9","1","1","200","200","3713","3613","100","0.000699999975040555","27.9999990016222"
"article_s1_p1_finite_low_attraction_V_0p2_seed_9210002","builds/article_s1_p1_finite_low_attraction_V_0p2_seed_9210002----2026-09-12_10-54-37/simulation_Rawdata___article_s1_p1_finite_low_attraction_V_0p2_seed_9210002----2026-09-12_10-54-37.h5","579565309","3f92f32a3445cb75409803a97fa2a4351642423822d421cf4dae6b9f091d3998","1","1","200","200","14853","14453","400","0.000699999975040555","27.9999990016222"
"article_s1_p1_main_I_0p075_H_reference_seed_9210001","builds/article_s1_p1_main_I_0p075_H_reference_seed_9210001----2026-09-13_15-15-21/simulation_Rawdata___article_s1_p1_main_I_0p075_H_reference_seed_9210001----2026-09-13_15-15-21.h5","308108371","4c90e6d2baa1d3756b78246bb3d9b746810fe7e0061d97bf85d9b8b55c48b9f2","1","1","200","200","7427","7227","200","0.000699999975040555","27.9999990016222"
"article_s1_p1_main_I_0p075_H_reference_seed_9210003","builds/article_s1_p1_main_I_0p075_H_reference_seed_9210003----2026-09-14_14-49-39/simulation_Rawdata___article_s1_p1_main_I_0p075_H_reference_seed_9210003----2026-09-14_14-49-39.h5","308184362","5339cc2a75890c4a145718d16d64c388ba973166ae1bf3c7372d12b15863d88d","1","1","200","200","7427","7227","200","0.000699999975040555","27.9999990016222"
"article_s1_p1_main_I_0p075_H_weak_seed_9210003","builds/article_s1_p1_main_I_0p075_H_weak_seed_9210003----2026-09-15_12-18-39/simulation_Rawdata___article_s1_p1_main_I_0p075_H_weak_seed_9210003----2026-09-15_12-18-39.h5","306957919","f6621789dfff3c4b8339ead237284a6fbd69edbf71fd678c68528738da744494","1","1","200","200","7427","7227","200","0.000699999975040555","27.9999990016222"
"article_s1_p1_main_I_0p15_H_reference_seed_9210001","builds/article_s1_p1_main_I_0p15_H_reference_seed_9210001----2026-09-16_07-20-35/simulation_Rawdata___article_s1_p1_main_I_0p15_H_reference_seed_9210001----2026-09-16_07-20-35.h5","308271637","44bf51092c1033543678dfcf5eb91308ffde71583334ab867ef054cd69252ee5","1","1","200","200","7427","7227","200","0.000699999975040555","27.9999990016222"
"article_s1_p1_main_I_0p15_H_reference_seed_9210003","builds/article_s1_p1_main_I_0p15_H_reference_seed_9210003----2026-09-17_05-01-36/simulation_Rawdata___article_s1_p1_main_I_0p15_H_reference_seed_9210003----2026-09-17_05-01-36.h5","308147721","4f276a1902fd98128fdc0ebcdae6aa88af2ce0712af43455bf65ad43af8f0f0b","1","1","200","200","7427","7227","200","0.000699999975040555","27.9999990016222"
"article_s1_p1_main_I_0p15_H_weak_seed_9210003","builds/article_s1_p1_main_I_0p15_H_weak_seed_9210003----2026-09-18_02-46-01/simulation_Rawdata___article_s1_p1_main_I_0p15_H_weak_seed_9210003----2026-09-18_02-46-01.h5","307109616","0c50d0ea2e88b97f163dd9d109c9280093b1aef7ca1d41c0559c51ce3ddb1700","1","1","200","200","7427","7227","200","0.000699999975040555","27.9999990016222"
"article_s1_p1_main_I_0p3_H_reference_seed_9210001","builds/article_s1_p1_main_I_0p3_H_reference_seed_9210001----2026-09-18_21-15-53/simulation_Rawdata___article_s1_p1_main_I_0p3_H_reference_seed_9210001----2026-09-18_21-15-53.h5","308104096","352d4257e741c5acb68b8375e6a88aaefc901351d23a4420d349b3b6d2fe3e45","1","1","200","200","7427","7227","200","0.000699999975040555","27.9999990016222"
"article_s1_p1_main_I_0p3_H_reference_seed_9210003","builds/article_s1_p1_main_I_0p3_H_reference_seed_9210003----2026-09-19_19-44-10/simulation_Rawdata___article_s1_p1_main_I_0p3_H_reference_seed_9210003----2026-09-19_19-44-10.h5","308159751","ed8b08dd9e5f35773561ad8ff936b017b9254c06136bbfba1b7d6a2df80ef7d7","1","1","200","200","7427","7227","200","0.000699999975040555","27.9999990016222"
"article_s1_p1_main_I_0p3_H_weak_seed_9210003","builds/article_s1_p1_main_I_0p3_H_weak_seed_9210003----2026-09-20_17-47-30/simulation_Rawdata___article_s1_p1_main_I_0p3_H_weak_seed_9210003----2026-09-20_17-47-30.h5","307167378","2c9f4538a0fc2e84dee34da915683c65a518c0c91355eb214b32877d3ad0c986","1","1","200","200","7427","7227","200","0.000699999975040555","27.9999990016222"
